{"cameraMode":{"drawMode":0,"name":"Shaded","section":"Shading Mode"},"sceneLighting":true,"audioPlay":false,"sceneViewState":{"m_AlwaysRefresh":true,"showFog":true,"showSkybox":true,"showFlares":true,"showImageEffects":true,"showParticleSystems":true,"showVisualEffectGraphs":true,"m_FxEnabled":true},"in2DMode":false,"pivot":{"x":-1.8285751342773438,"y":1.9750970602035523,"z":0.16740548610687257},"rotation":{"x":-0.10077431797981262,"y":-0.3244629204273224,"z":0.034783199429512027,"w":-0.9398905038833618},"size":2.072516918182373,"orthographic":false}