{"cameraMode":{"drawMode":0,"name":"Shaded","section":"Shading Mode"},"sceneLighting":true,"audioPlay":false,"sceneViewState":{"m_AlwaysRefresh":true,"showFog":true,"showSkybox":true,"showFlares":true,"showImageEffects":true,"showParticleSystems":true,"showVisualEffectGraphs":true,"m_FxEnabled":true},"in2DMode":false,"pivot":{"x":-2.817655563354492,"y":1.453925371170044,"z":0.7923054695129395},"rotation":{"x":-0.1049133837223053,"y":0.06170947477221489,"z":-0.006562091410160065,"w":-0.9925744533538818},"size":2.6446292400360109,"orthographic":false}