{"cameraMode":{"drawMode":0,"name":"Shaded","section":"Shading Mode"},"sceneLighting":true,"audioPlay":false,"sceneViewState":{"m_AlwaysRefresh":false,"showFog":true,"showSkybox":true,"showFlares":true,"showImageEffects":true,"showParticleSystems":true,"showVisualEffectGraphs":true,"m_FxEnabled":true},"in2DMode":false,"pivot":{"x":-1.6916332244873047,"y":-2.119330406188965,"z":0.44676995277404787},"rotation":{"x":-0.46518316864967348,"y":0.37708336114883425,"z":-0.22850443422794343,"w":-0.7676437497138977},"size":11.31042766571045,"orthographic":false}